Date,Presentation,Topic Areas,Title,Location,Start Time,End Time,Attendance,Description,Presenter/CHAW Contact,Card Swipe Needed,Volunteer Shift Needed?,Post to FSU Events Calandar ?,Requester Name,Requester Phone,Requester Email
03/16/1927,Presentation,AOD,Dummy Title 294,Housewright Building,12:30am,9:00am,25,This is a dummy description for Dummy Title 294.,Presenter 16,no,no,no,Requester 44,(555) 123-2061,requester20@example.com
01/16/1929,Tabling,Wellness,Dummy Title 637,Zoom,14:30pm,14:00pm,23,This is a dummy description for Dummy Title 637.,Presenter 29,no,yes,yes,Requester 11,(555) 123-7733,requester93@example.com
02/08/1929,Presentation,Wellness,Dummy Title 827,CGE Lobby & Auditorium,16:30pm,16:30pm,34,This is a dummy description for Dummy Title 827.,Presenter 48,yes,yes,no,Requester 42,(555) 123-1182,requester49@example.com
09/23/1931,Presentation,Wellness,Dummy Title 517,CGE Lobby & Auditorium,17:00am,14:00am,66,This is a dummy description for Dummy Title 517.,Presenter 22,yes,yes,no,Requester 7,(555) 123-5940,requester79@example.com
07/26/1932,Presentation,Wellness,Dummy Title 978,TBD,15:30am,13:30am,55,This is a dummy description for Dummy Title 978.,Presenter 5,no,no,no,Requester 9,(555) 123-2461,requester20@example.com
01/06/1933,Tabling,AOD,Dummy Title 48,TBD,14:30am,8:00pm,77,This is a dummy description for Dummy Title 48.,Presenter 47,no,yes,yes,Requester 6,(555) 123-8077,requester1@example.com
01/25/1933,Tabling,Wellness,Dummy Title 114,CGE Lobby & Auditorium,14:30pm,11:30am,50,This is a dummy description for Dummy Title 114.,Presenter 9,yes,yes,yes,Requester 27,(555) 123-1892,requester97@example.com
07/17/1933,Tabling,AOD,Dummy Title 709,Housewright Building,9:00am,9:30pm,43,This is a dummy description for Dummy Title 709.,Presenter 20,no,yes,yes,Requester 14,(555) 123-9520,requester77@example.com
07/19/1933,Tabling,AOD,Dummy Title 542,Zoom,8:30am,14:30am,4,This is a dummy description for Dummy Title 542.,Presenter 12,no,no,yes,Requester 50,(555) 123-2600,requester20@example.com
10/25/1934,Tabling,AOD,Dummy Title 198,CGE Lobby & Auditorium,17:00pm,16:30pm,45,This is a dummy description for Dummy Title 198.,Presenter 20,no,yes,no,Requester 48,(555) 123-9573,requester6@example.com
03/14/1935,Presentation,AOD,Dummy Title 53,Housewright Building,13:00pm,8:00am,30,This is a dummy description for Dummy Title 53.,Presenter 31,no,no,yes,Requester 15,(555) 123-7919,requester25@example.com
09/25/1937,Tabling,AOD,Dummy Title 435,CGE Lobby & Auditorium,11:30pm,10:30pm,61,This is a dummy description for Dummy Title 435.,Presenter 32,yes,no,no,Requester 28,(555) 123-1977,requester66@example.com
06/07/1938,Tabling,Wellness,Dummy Title 850,TBD,16:30pm,8:00pm,81,This is a dummy description for Dummy Title 850.,Presenter 26,no,yes,no,Requester 15,(555) 123-2242,requester63@example.com
01/17/1941,Presentation,AOD,Dummy Title 824,Zoom,11:30pm,17:00am,64,This is a dummy description for Dummy Title 824.,Presenter 7,yes,yes,no,Requester 14,(555) 123-6869,requester94@example.com
09/26/1941,Tabling,AOD,Dummy Title 537,CGE Lobby & Auditorium,15:00pm,9:30pm,75,This is a dummy description for Dummy Title 537.,Presenter 46,no,yes,no,Requester 19,(555) 123-6465,requester65@example.com
07/30/1943,Presentation,Wellness,Dummy Title 916,TBD,17:00pm,16:30pm,62,This is a dummy description for Dummy Title 916.,Presenter 6,no,yes,yes,Requester 27,(555) 123-9810,requester51@example.com
05/23/1946,Presentation,AOD,Dummy Title 882,CGE Lobby & Auditorium,17:00am,16:30am,38,This is a dummy description for Dummy Title 882.,Presenter 25,yes,no,no,Requester 29,(555) 123-6517,requester69@example.com
06/21/1947,Presentation,Wellness,Dummy Title 433,Zoom,10:30am,12:00am,41,This is a dummy description for Dummy Title 433.,Presenter 35,yes,no,yes,Requester 48,(555) 123-4634,requester51@example.com
09/03/1947,Presentation,Wellness,Dummy Title 554,Zoom,13:30pm,11:00pm,52,This is a dummy description for Dummy Title 554.,Presenter 5,no,no,yes,Requester 43,(555) 123-3485,requester8@example.com
09/29/1948,Presentation,AOD,Dummy Title 610,TBD,14:30am,17:30am,62,This is a dummy description for Dummy Title 610.,Presenter 42,yes,no,yes,Requester 15,(555) 123-1768,requester5@example.com
02/22/1950,Presentation,AOD,Dummy Title 401,Zoom,10:30am,16:30pm,25,This is a dummy description for Dummy Title 401.,Presenter 15,no,no,yes,Requester 5,(555) 123-1026,requester31@example.com
04/19/1957,Presentation,AOD,Dummy Title 480,Housewright Building,17:00pm,15:30pm,69,This is a dummy description for Dummy Title 480.,Presenter 39,yes,yes,yes,Requester 16,(555) 123-6429,requester22@example.com
06/11/1958,Tabling,Wellness,Dummy Title 394,Housewright Building,9:30am,8:30pm,13,This is a dummy description for Dummy Title 394.,Presenter 12,yes,yes,yes,Requester 15,(555) 123-9569,requester67@example.com
02/14/1959,Presentation,Wellness,Dummy Title 163,Housewright Building,8:30am,8:00pm,74,This is a dummy description for Dummy Title 163.,Presenter 39,no,yes,yes,Requester 12,(555) 123-9123,requester15@example.com
08/09/1961,Tabling,AOD,Dummy Title 674,TBD,16:30pm,11:00am,90,This is a dummy description for Dummy Title 674.,Presenter 30,no,yes,no,Requester 43,(555) 123-4960,requester68@example.com
01/12/1970,Presentation,AOD,Dummy Title 505,Zoom,12:30pm,17:00am,69,This is a dummy description for Dummy Title 505.,Presenter 1,yes,yes,yes,Requester 36,(555) 123-3612,requester88@example.com
10/20/1972,Tabling,Wellness,Dummy Title 718,CGE Lobby & Auditorium,8:30am,12:00pm,89,This is a dummy description for Dummy Title 718.,Presenter 11,no,no,yes,Requester 25,(555) 123-8366,requester41@example.com
08/23/1973,Presentation,AOD,Dummy Title 534,CGE Lobby & Auditorium,14:00am,9:30am,2,This is a dummy description for Dummy Title 534.,Presenter 33,yes,yes,no,Requester 24,(555) 123-6123,requester54@example.com
04/13/1977,Tabling,AOD,Dummy Title 978,Zoom,9:30am,17:30pm,7,This is a dummy description for Dummy Title 978.,Presenter 46,no,yes,no,Requester 4,(555) 123-6782,requester92@example.com
05/02/1980,Presentation,Wellness,Dummy Title 217,Zoom,10:00pm,11:00am,85,This is a dummy description for Dummy Title 217.,Presenter 47,yes,no,yes,Requester 15,(555) 123-3935,requester88@example.com
01/06/1983,Tabling,Wellness,Dummy Title 466,Zoom,13:30am,17:30pm,57,This is a dummy description for Dummy Title 466.,Presenter 34,no,no,yes,Requester 44,(555) 123-9920,requester8@example.com
09/11/1984,Presentation,Wellness,Dummy Title 503,Zoom,9:00pm,14:30am,78,This is a dummy description for Dummy Title 503.,Presenter 28,yes,yes,yes,Requester 34,(555) 123-1166,requester50@example.com
11/17/1984,Tabling,Wellness,Dummy Title 311,CGE Lobby & Auditorium,15:30pm,15:00am,73,This is a dummy description for Dummy Title 311.,Presenter 16,yes,yes,no,Requester 9,(555) 123-5797,requester25@example.com
11/23/1988,Tabling,Wellness,Dummy Title 851,CGE Lobby & Auditorium,16:00pm,8:30am,76,This is a dummy description for Dummy Title 851.,Presenter 30,yes,yes,no,Requester 31,(555) 123-4520,requester39@example.com
09/27/1989,Presentation,Wellness,Dummy Title 842,TBD,15:30pm,8:30pm,46,This is a dummy description for Dummy Title 842.,Presenter 18,yes,no,yes,Requester 36,(555) 123-1710,requester31@example.com
06/27/1991,Tabling,Wellness,Dummy Title 272,Zoom,9:00am,15:00am,72,This is a dummy description for Dummy Title 272.,Presenter 26,yes,yes,yes,Requester 7,(555) 123-9937,requester62@example.com
07/21/1992,Tabling,Wellness,Dummy Title 439,Zoom,13:00pm,9:00am,37,This is a dummy description for Dummy Title 439.,Presenter 26,yes,yes,no,Requester 49,(555) 123-2326,requester29@example.com
09/01/1994,Tabling,Wellness,Dummy Title 41,Housewright Building,14:00pm,12:00am,66,This is a dummy description for Dummy Title 41.,Presenter 20,no,yes,yes,Requester 37,(555) 123-6985,requester91@example.com
10/22/1996,Presentation,Wellness,Dummy Title 906,Zoom,12:00am,11:30pm,41,This is a dummy description for Dummy Title 906.,Presenter 36,yes,no,no,Requester 26,(555) 123-4299,requester92@example.com
08/26/1997,Tabling,Wellness,Dummy Title 404,TBD,11:30am,13:30am,9,This is a dummy description for Dummy Title 404.,Presenter 33,no,yes,no,Requester 23,(555) 123-9935,requester69@example.com
01/03/1999,Presentation,Wellness,Dummy Title 1000,TBD,9:30pm,17:30am,73,This is a dummy description for Dummy Title 1000.,Presenter 12,yes,no,yes,Requester 45,(555) 123-6223,requester64@example.com
10/17/1999,Tabling,Wellness,Dummy Title 791,Housewright Building,17:00pm,8:00pm,60,This is a dummy description for Dummy Title 791.,Presenter 43,no,no,no,Requester 30,(555) 123-5790,requester35@example.com
04/10/2002,Tabling,Wellness,Dummy Title 894,Housewright Building,14:30am,16:00am,40,This is a dummy description for Dummy Title 894.,Presenter 23,yes,yes,yes,Requester 19,(555) 123-3078,requester5@example.com
02/12/2004,Tabling,AOD,Dummy Title 8,CGE Lobby & Auditorium,8:30am,15:30pm,57,This is a dummy description for Dummy Title 8.,Presenter 42,no,yes,no,Requester 41,(555) 123-1581,requester11@example.com
02/12/2008,Presentation,AOD,Dummy Title 905,CGE Lobby & Auditorium,11:00pm,17:00pm,66,This is a dummy description for Dummy Title 905.,Presenter 37,no,yes,yes,Requester 20,(555) 123-9756,requester41@example.com
08/27/2011,Tabling,AOD,Dummy Title 437,Zoom,10:30am,9:30am,44,This is a dummy description for Dummy Title 437.,Presenter 4,yes,yes,yes,Requester 42,(555) 123-9080,requester98@example.com
07/06/2012,Presentation,AOD,Dummy Title 805,TBD,16:00pm,9:00pm,74,This is a dummy description for Dummy Title 805.,Presenter 27,yes,yes,yes,Requester 13,(555) 123-9567,requester84@example.com
10/10/2012,Presentation,Wellness,Dummy Title 88,Housewright Building,17:00pm,14:00am,27,This is a dummy description for Dummy Title 88.,Presenter 37,no,yes,yes,Requester 35,(555) 123-5245,requester22@example.com
06/14/2013,Presentation,Wellness,Dummy Title 489,Housewright Building,13:00am,15:00am,21,This is a dummy description for Dummy Title 489.,Presenter 44,no,no,no,Requester 13,(555) 123-9668,requester65@example.com
11/11/2023,Tabling,AOD,Dummy Title 476,CGE Lobby & Auditorium,11:30pm,8:00pm,88,This is a dummy description for Dummy Title 476.,Presenter 27,no,no,yes,Requester 29,(555) 123-1089,requester96@example.com
12/18/2023,Presentation,Wellness,Dummy Title 609,TBD,15:30pm,9:30pm,26,This is a dummy description for Dummy Title 609.,Presenter 42,no,no,yes,Requester 11,(555) 123-3364,requester100@example.com
12/19/2023,Tabling,AOD,Dummy Title 130,Housewright Building,10:30pm,9:00pm,92,This is a dummy description for Dummy Title 130.,Presenter 5,no,no,no,Requester 39,(555) 123-1608,requester76@example.com
12/20/2023,Tabling,Wellness,Dummy Title 928,Housewright Building,11:30am,14:30am,32,This is a dummy description for Dummy Title 928.,Presenter 24,yes,yes,no,Requester 14,(555) 123-1740,requester57@example.com
12/27/2023,Tabling,AOD,Dummy Title 316,TBD,10:00am,16:30pm,28,This is a dummy description for Dummy Title 316.,Presenter 4,no,yes,yes,Requester 25,(555) 123-1627,requester97@example.com
01/26/2024,Tabling,AOD,Dummy Title 383,CGE Lobby & Auditorium,15:30pm,14:00pm,57,This is a dummy description for Dummy Title 383.,Presenter 21,no,yes,no,Requester 20,(555) 123-8698,requester2@example.com
02/02/2024,Presentation,AOD,Dummy Title 694,CGE Lobby & Auditorium,10:30pm,11:30pm,79,This is a dummy description for Dummy Title 694.,Presenter 8,yes,no,no,Requester 13,(555) 123-3419,requester43@example.com
02/16/2024,Tabling,Wellness,Dummy Title 382,Zoom,9:00pm,8:00am,33,This is a dummy description for Dummy Title 382.,Presenter 27,yes,no,no,Requester 6,(555) 123-1543,requester10@example.com
03/10/2024,Presentation,Wellness,Dummy Title 990,CGE Lobby & Auditorium,15:00am,10:30am,15,This is a dummy description for Dummy Title 990.,Presenter 28,no,no,yes,Requester 21,(555) 123-6833,requester53@example.com
03/11/2024,Tabling,Wellness,Dummy Title 838,TBD,10:30pm,8:00pm,4,This is a dummy description for Dummy Title 838.,Presenter 39,yes,no,yes,Requester 41,(555) 123-4242,requester92@example.com
03/14/2024,Tabling,Wellness,Dummy Title 865,Housewright Building,17:30am,8:00pm,43,This is a dummy description for Dummy Title 865.,Presenter 6,no,yes,no,Requester 11,(555) 123-3399,requester93@example.com
03/27/2024,Presentation,Wellness,Dummy Title 934,Housewright Building,17:30am,17:00am,51,This is a dummy description for Dummy Title 934.,Presenter 38,no,no,no,Requester 17,(555) 123-1186,requester49@example.com
03/28/2024,Presentation,AOD,Dummy Title 940,Zoom,13:00pm,13:30am,72,This is a dummy description for Dummy Title 940.,Presenter 41,no,no,no,Requester 40,(555) 123-3672,requester49@example.com
05/01/2024,Tabling,AOD,Dummy Title 13,Housewright Building,14:30am,13:30am,97,This is a dummy description for Dummy Title 13.,Presenter 22,no,no,no,Requester 1,(555) 123-3836,requester90@example.com
05/05/2024,Presentation,Wellness,Dummy Title 117,Housewright Building,15:30pm,12:00am,46,This is a dummy description for Dummy Title 117.,Presenter 46,yes,yes,no,Requester 8,(555) 123-4255,requester49@example.com
05/10/2024,Tabling,Wellness,Dummy Title 904,TBD,9:00pm,10:30am,53,This is a dummy description for Dummy Title 904.,Presenter 16,no,yes,no,Requester 46,(555) 123-4171,requester17@example.com
05/27/2024,Tabling,Wellness,Dummy Title 93,CGE Lobby & Auditorium,11:00pm,14:30pm,38,This is a dummy description for Dummy Title 93.,Presenter 40,no,no,no,Requester 17,(555) 123-5977,requester79@example.com
06/11/2024,Tabling,AOD,Dummy Title 796,CGE Lobby & Auditorium,9:30am,14:00pm,86,This is a dummy description for Dummy Title 796.,Presenter 47,yes,no,no,Requester 22,(555) 123-3996,requester75@example.com
06/11/2024,Tabling,AOD,Dummy Title 713,CGE Lobby & Auditorium,10:30am,13:00am,94,This is a dummy description for Dummy Title 713.,Presenter 21,yes,yes,yes,Requester 20,(555) 123-1948,requester100@example.com
06/14/2024,Tabling,AOD,Dummy Title 915,Housewright Building,14:00pm,17:30pm,82,This is a dummy description for Dummy Title 915.,Presenter 27,no,yes,no,Requester 22,(555) 123-2096,requester52@example.com
06/15/2024,Presentation,Wellness,Dummy Title 927,TBD,12:30pm,17:30am,36,This is a dummy description for Dummy Title 927.,Presenter 24,yes,no,yes,Requester 49,(555) 123-2575,requester27@example.com
07/25/2024,Presentation,Wellness,Dummy Title 384,CGE Lobby & Auditorium,12:00am,13:00am,33,This is a dummy description for Dummy Title 384.,Presenter 25,no,no,no,Requester 41,(555) 123-9700,requester90@example.com
07/29/2024,Tabling,Wellness,Dummy Title 212,Housewright Building,8:30pm,10:00pm,86,This is a dummy description for Dummy Title 212.,Presenter 11,no,yes,no,Requester 26,(555) 123-5822,requester4@example.com
08/29/2024,Tabling,Wellness,Dummy Title 230,Housewright Building,8:00am,11:30pm,92,This is a dummy description for Dummy Title 230.,Presenter 15,yes,no,no,Requester 30,(555) 123-2791,requester86@example.com
09/06/2024,Tabling,Wellness,Dummy Title 409,TBD,15:00am,10:30pm,63,This is a dummy description for Dummy Title 409.,Presenter 9,yes,yes,yes,Requester 26,(555) 123-2413,requester74@example.com
10/03/2024,Presentation,Wellness,Dummy Title 418,Zoom,17:00pm,12:00am,92,This is a dummy description for Dummy Title 418.,Presenter 17,no,no,yes,Requester 25,(555) 123-4723,requester24@example.com
10/15/2024,Presentation,Wellness,Dummy Title 812,Housewright Building,8:30am,10:00pm,4,This is a dummy description for Dummy Title 812.,Presenter 35,yes,yes,no,Requester 27,(555) 123-4735,requester78@example.com
10/31/2024,Tabling,Wellness,Dummy Title 383,TBD,14:00pm,14:30pm,54,This is a dummy description for Dummy Title 383.,Presenter 3,yes,yes,yes,Requester 31,(555) 123-9794,requester55@example.com
11/27/2024,Tabling,Wellness,Dummy Title 914,TBD,10:30pm,10:30pm,69,This is a dummy description for Dummy Title 914.,Presenter 9,yes,yes,no,Requester 44,(555) 123-7838,requester23@example.com
12/01/2024,Tabling,Wellness,Dummy Title 872,Zoom,11:30am,9:00pm,81,This is a dummy description for Dummy Title 872.,Presenter 9,no,yes,no,Requester 31,(555) 123-9860,requester14@example.com
12/02/2024,Presentation,AOD,Dummy Title 280,TBD,17:30pm,15:00am,4,This is a dummy description for Dummy Title 280.,Presenter 11,yes,yes,yes,Requester 1,(555) 123-1448,requester15@example.com
12/10/2024,Tabling,Wellness,Dummy Title 352,Zoom,11:00am,16:00am,64,This is a dummy description for Dummy Title 352.,Presenter 24,yes,yes,no,Requester 46,(555) 123-4819,requester99@example.com
12/11/2024,Presentation,Wellness,Dummy Title 285,CGE Lobby & Auditorium,16:00pm,11:00am,28,This is a dummy description for Dummy Title 285.,Presenter 28,yes,no,no,Requester 40,(555) 123-7968,requester8@example.com
12/12/2024,Presentation,AOD,Dummy Title 432,Zoom,15:30am,15:00pm,37,This is a dummy description for Dummy Title 432.,Presenter 36,no,yes,yes,Requester 48,(555) 123-9691,requester92@example.com
12/29/2024,Tabling,Wellness,Dummy Title 490,CGE Lobby & Auditorium,17:00pm,16:00am,39,This is a dummy description for Dummy Title 490.,Presenter 32,yes,yes,yes,Requester 24,(555) 123-9985,requester87@example.com
01/25/2025,Tabling,AOD,Dummy Title 558,CGE Lobby & Auditorium,10:30am,11:00pm,6,This is a dummy description for Dummy Title 558.,Presenter 5,yes,yes,no,Requester 50,(555) 123-9205,requester26@example.com
01/27/2025,Presentation,Wellness,Dummy Title 221,CGE Lobby & Auditorium,9:30am,9:00am,16,This is a dummy description for Dummy Title 221.,Presenter 13,yes,yes,yes,Requester 4,(555) 123-2998,requester91@example.com
02/20/2025,Presentation,Wellness,Dummy Title 380,Zoom,17:00pm,12:30am,40,This is a dummy description for Dummy Title 380.,Presenter 18,no,yes,yes,Requester 9,(555) 123-8638,requester67@example.com
02/24/2025,Presentation,Wellness,Dummy Title 317,CGE Lobby & Auditorium,9:00pm,16:00pm,44,This is a dummy description for Dummy Title 317.,Presenter 50,yes,yes,no,Requester 30,(555) 123-7555,requester50@example.com
02/25/2025,Tabling,AOD,Dummy Title 533,Housewright Building,11:00am,11:00am,93,This is a dummy description for Dummy Title 533.,Presenter 8,no,no,no,Requester 9,(555) 123-4351,requester66@example.com
04/28/2025,Tabling,Wellness,Dummy Title 751,Zoom,12:00am,14:00am,97,This is a dummy description for Dummy Title 751.,Presenter 9,no,yes,yes,Requester 44,(555) 123-6893,requester89@example.com
06/03/2025,Presentation,AOD,Dummy Title 493,Zoom,8:30pm,12:30am,4,This is a dummy description for Dummy Title 493.,Presenter 24,yes,no,no,Requester 18,(555) 123-2393,requester14@example.com
06/10/2025,Tabling,Wellness,Dummy Title 404,Housewright Building,13:30pm,17:00pm,80,This is a dummy description for Dummy Title 404.,Presenter 32,no,no,no,Requester 47,(555) 123-1719,requester35@example.com
07/03/2025,Presentation,Wellness,Dummy Title 230,TBD,14:00am,12:00pm,28,This is a dummy description for Dummy Title 230.,Presenter 5,yes,yes,yes,Requester 25,(555) 123-7013,requester2@example.com
07/11/2025,Presentation,AOD,Dummy Title 105,Zoom,13:30pm,14:00am,5,This is a dummy description for Dummy Title 105.,Presenter 50,no,yes,yes,Requester 16,(555) 123-3035,requester23@example.com
07/13/2025,Presentation,AOD,Dummy Title 361,Housewright Building,10:00pm,10:00am,45,This is a dummy description for Dummy Title 361.,Presenter 6,no,yes,no,Requester 12,(555) 123-8098,requester66@example.com
07/16/2025,Presentation,AOD,Dummy Title 572,Housewright Building,12:00pm,16:30pm,77,This is a dummy description for Dummy Title 572.,Presenter 47,no,yes,yes,Requester 43,(555) 123-7779,requester57@example.com
09/04/2025,Presentation,AOD,Dummy Title 767,CGE Lobby & Auditorium,15:30pm,9:00pm,88,This is a dummy description for Dummy Title 767.,Presenter 26,no,no,yes,Requester 9,(555) 123-8461,requester31@example.com
09/14/2025,Tabling,AOD,Dummy Title 955,Zoom,11:00am,14:30am,68,This is a dummy description for Dummy Title 955.,Presenter 42,no,yes,yes,Requester 49,(555) 123-4839,requester100@example.com
09/15/2025,Tabling,Wellness,Dummy Title 671,Housewright Building,16:30am,12:00am,29,This is a dummy description for Dummy Title 671.,Presenter 3,yes,yes,no,Requester 31,(555) 123-1391,requester61@example.com
10/08/2025,Presentation,Wellness,Dummy Title 569,TBD,9:30pm,10:00am,81,This is a dummy description for Dummy Title 569.,Presenter 22,yes,no,yes,Requester 32,(555) 123-5241,requester85@example.com
10/08/2025,Presentation,AOD,Dummy Title 750,Zoom,11:30am,10:30pm,59,This is a dummy description for Dummy Title 750.,Presenter 28,no,no,no,Requester 6,(555) 123-4977,requester40@example.com
10/13/2025,Presentation,AOD,Dummy Title 985,Housewright Building,13:30am,15:30pm,52,This is a dummy description for Dummy Title 985.,Presenter 34,yes,no,no,Requester 41,(555) 123-6017,requester48@example.com
12/31/2025,Tabling,AOD,Dummy Title 380,TBD,12:00pm,14:00pm,24,This is a dummy description for Dummy Title 380.,Presenter 16,no,no,yes,Requester 8,(555) 123-7786,requester85@example.com
05/04/2026,Tabling,AOD,Dummy Title 945,TBD,13:30am,16:30am,31,This is a dummy description for Dummy Title 945.,Presenter 33,no,no,yes,Requester 21,(555) 123-9567,requester31@example.com
06/04/2026,Tabling,AOD,Dummy Title 176,Housewright Building,13:00am,16:30pm,87,This is a dummy description for Dummy Title 176.,Presenter 18,no,no,yes,Requester 22,(555) 123-7367,requester62@example.com
06/28/2026,Tabling,Wellness,Dummy Title 70,CGE Lobby & Auditorium,15:00am,10:30am,50,This is a dummy description for Dummy Title 70.,Presenter 37,no,no,no,Requester 43,(555) 123-2676,requester17@example.com
10/19/2026,Tabling,Wellness,Dummy Title 119,Zoom,13:30am,12:00pm,44,This is a dummy description for Dummy Title 119.,Presenter 31,no,no,no,Requester 49,(555) 123-4757,requester70@example.com
11/28/2026,Tabling,AOD,Dummy Title 244,TBD,17:00am,14:00pm,52,This is a dummy description for Dummy Title 244.,Presenter 2,no,yes,yes,Requester 6,(555) 123-8665,requester91@example.com
01/08/2027,Presentation,AOD,Dummy Title 982,Zoom,12:30pm,14:30pm,13,This is a dummy description for Dummy Title 982.,Presenter 40,yes,yes,no,Requester 17,(555) 123-4778,requester28@example.com
02/03/2027,Tabling,AOD,Dummy Title 186,Zoom,16:30pm,13:00am,52,This is a dummy description for Dummy Title 186.,Presenter 1,no,no,yes,Requester 7,(555) 123-9786,requester7@example.com
03/10/2027,Tabling,Wellness,Dummy Title 307,TBD,16:00am,15:30am,36,This is a dummy description for Dummy Title 307.,Presenter 38,no,yes,no,Requester 14,(555) 123-6345,requester66@example.com
04/23/2027,Tabling,Wellness,Dummy Title 66,CGE Lobby & Auditorium,10:00am,8:30am,34,This is a dummy description for Dummy Title 66.,Presenter 2,yes,no,yes,Requester 7,(555) 123-4085,requester78@example.com
05/07/2027,Presentation,Wellness,Dummy Title 525,TBD,10:30am,10:00am,74,This is a dummy description for Dummy Title 525.,Presenter 42,yes,yes,yes,Requester 45,(555) 123-7210,requester26@example.com
05/19/2027,Presentation,Wellness,Dummy Title 761,Housewright Building,16:00pm,9:00am,97,This is a dummy description for Dummy Title 761.,Presenter 40,yes,yes,no,Requester 15,(555) 123-7795,requester70@example.com
05/24/2027,Tabling,Wellness,Dummy Title 71,CGE Lobby & Auditorium,15:30pm,13:00pm,18,This is a dummy description for Dummy Title 71.,Presenter 7,yes,no,yes,Requester 34,(555) 123-3860,requester76@example.com
07/19/2027,Presentation,AOD,Dummy Title 111,Zoom,14:00pm,14:30am,35,This is a dummy description for Dummy Title 111.,Presenter 16,no,no,no,Requester 12,(555) 123-2141,requester1@example.com
08/09/2027,Tabling,AOD,Dummy Title 125,Housewright Building,13:30pm,13:00am,21,This is a dummy description for Dummy Title 125.,Presenter 44,yes,no,yes,Requester 49,(555) 123-6982,requester50@example.com
12/26/2027,Tabling,AOD,Dummy Title 997,TBD,10:00am,13:00pm,24,This is a dummy description for Dummy Title 997.,Presenter 50,no,no,yes,Requester 48,(555) 123-8565,requester10@example.com
03/11/2028,Presentation,AOD,Dummy Title 73,Zoom,13:30am,14:00am,25,This is a dummy description for Dummy Title 73.,Presenter 45,no,no,no,Requester 7,(555) 123-1255,requester29@example.com
03/12/2028,Tabling,AOD,Dummy Title 689,CGE Lobby & Auditorium,10:30am,10:00pm,91,This is a dummy description for Dummy Title 689.,Presenter 41,yes,no,yes,Requester 33,(555) 123-7950,requester82@example.com
07/06/2028,Presentation,AOD,Dummy Title 618,Zoom,13:30am,17:30am,94,This is a dummy description for Dummy Title 618.,Presenter 19,no,yes,no,Requester 36,(555) 123-2216,requester17@example.com
09/25/2028,Tabling,Wellness,Dummy Title 80,TBD,16:00pm,10:00pm,4,This is a dummy description for Dummy Title 80.,Presenter 16,no,yes,yes,Requester 41,(555) 123-1153,requester25@example.com
12/24/2028,Presentation,AOD,Dummy Title 206,CGE Lobby & Auditorium,14:00pm,9:00pm,41,This is a dummy description for Dummy Title 206.,Presenter 25,yes,yes,yes,Requester 36,(555) 123-1402,requester4@example.com
07/06/2029,Presentation,AOD,Dummy Title 132,Zoom,11:30am,15:30pm,12,This is a dummy description for Dummy Title 132.,Presenter 45,yes,yes,no,Requester 21,(555) 123-2448,requester12@example.com
08/04/2029,Presentation,Wellness,Dummy Title 872,Housewright Building,12:30pm,8:00pm,14,This is a dummy description for Dummy Title 872.,Presenter 20,no,yes,no,Requester 9,(555) 123-1982,requester65@example.com
08/30/2029,Tabling,AOD,Dummy Title 225,CGE Lobby & Auditorium,13:00pm,16:00am,95,This is a dummy description for Dummy Title 225.,Presenter 3,no,no,no,Requester 9,(555) 123-8557,requester34@example.com
09/21/2029,Tabling,AOD,Dummy Title 862,CGE Lobby & Auditorium,13:30am,15:30pm,82,This is a dummy description for Dummy Title 862.,Presenter 7,no,yes,no,Requester 22,(555) 123-9454,requester59@example.com
11/26/2029,Presentation,Wellness,Dummy Title 179,Housewright Building,11:00am,16:00am,50,This is a dummy description for Dummy Title 179.,Presenter 18,no,no,yes,Requester 15,(555) 123-2735,requester44@example.com
12/06/2029,Tabling,Wellness,Dummy Title 430,CGE Lobby & Auditorium,15:30pm,10:00pm,3,This is a dummy description for Dummy Title 430.,Presenter 38,yes,yes,yes,Requester 41,(555) 123-9021,requester84@example.com
03/28/2030,Tabling,AOD,Dummy Title 798,TBD,17:30am,16:00am,47,This is a dummy description for Dummy Title 798.,Presenter 9,yes,yes,yes,Requester 18,(555) 123-6923,requester14@example.com
07/18/2030,Tabling,Wellness,Dummy Title 258,CGE Lobby & Auditorium,17:00am,11:00am,77,This is a dummy description for Dummy Title 258.,Presenter 44,yes,yes,yes,Requester 4,(555) 123-2392,requester93@example.com
09/02/2030,Presentation,AOD,Dummy Title 802,CGE Lobby & Auditorium,8:00am,12:00pm,22,This is a dummy description for Dummy Title 802.,Presenter 4,yes,yes,yes,Requester 15,(555) 123-3588,requester84@example.com
11/11/2030,Presentation,AOD,Dummy Title 334,Housewright Building,9:00am,16:00pm,65,This is a dummy description for Dummy Title 334.,Presenter 36,yes,yes,yes,Requester 32,(555) 123-7970,requester99@example.com
02/05/2031,Presentation,AOD,Dummy Title 521,TBD,12:00am,10:30am,32,This is a dummy description for Dummy Title 521.,Presenter 35,no,no,no,Requester 35,(555) 123-6000,requester90@example.com
02/16/2031,Presentation,AOD,Dummy Title 67,Zoom,12:30am,16:00pm,55,This is a dummy description for Dummy Title 67.,Presenter 23,yes,yes,yes,Requester 40,(555) 123-3033,requester19@example.com
06/27/2031,Tabling,Wellness,Dummy Title 287,CGE Lobby & Auditorium,9:00am,13:30pm,23,This is a dummy description for Dummy Title 287.,Presenter 48,yes,no,no,Requester 43,(555) 123-8300,requester60@example.com
08/11/2031,Presentation,Wellness,Dummy Title 781,Zoom,14:00pm,14:30pm,1,This is a dummy description for Dummy Title 781.,Presenter 17,yes,no,yes,Requester 42,(555) 123-3994,requester25@example.com
03/17/2032,Tabling,AOD,Dummy Title 862,Housewright Building,9:00am,8:00pm,58,This is a dummy description for Dummy Title 862.,Presenter 6,yes,no,no,Requester 2,(555) 123-3921,requester3@example.com
03/28/2032,Presentation,Wellness,Dummy Title 587,TBD,15:00pm,9:30am,96,This is a dummy description for Dummy Title 587.,Presenter 40,yes,yes,yes,Requester 26,(555) 123-5676,requester19@example.com
08/19/2032,Tabling,Wellness,Dummy Title 437,Housewright Building,15:00pm,11:00pm,21,This is a dummy description for Dummy Title 437.,Presenter 44,yes,yes,yes,Requester 29,(555) 123-8152,requester22@example.com
10/12/2032,Tabling,AOD,Dummy Title 785,TBD,8:30am,11:30am,3,This is a dummy description for Dummy Title 785.,Presenter 44,yes,yes,yes,Requester 15,(555) 123-6655,requester65@example.com
12/27/2032,Tabling,AOD,Dummy Title 30,Zoom,9:00am,11:00pm,67,This is a dummy description for Dummy Title 30.,Presenter 32,no,yes,no,Requester 24,(555) 123-8523,requester70@example.com
01/03/2033,Presentation,Wellness,Dummy Title 911,CGE Lobby & Auditorium,9:30pm,12:00pm,66,This is a dummy description for Dummy Title 911.,Presenter 40,no,yes,no,Requester 26,(555) 123-7823,requester15@example.com
03/09/2034,Tabling,Wellness,Dummy Title 537,Housewright Building,14:30am,15:00pm,20,This is a dummy description for Dummy Title 537.,Presenter 1,no,yes,no,Requester 31,(555) 123-5743,requester76@example.com
04/15/2034,Presentation,Wellness,Dummy Title 873,Zoom,10:30am,14:30pm,75,This is a dummy description for Dummy Title 873.,Presenter 38,yes,no,yes,Requester 9,(555) 123-9455,requester33@example.com
05/06/2034,Tabling,Wellness,Dummy Title 888,TBD,9:30pm,8:00pm,35,This is a dummy description for Dummy Title 888.,Presenter 23,no,yes,yes,Requester 9,(555) 123-2567,requester68@example.com
05/16/2034,Presentation,AOD,Dummy Title 668,Zoom,14:00am,10:30am,6,This is a dummy description for Dummy Title 668.,Presenter 41,yes,yes,yes,Requester 13,(555) 123-4865,requester82@example.com
06/17/2034,Presentation,Wellness,Dummy Title 936,Zoom,16:00pm,15:30am,67,This is a dummy description for Dummy Title 936.,Presenter 18,no,yes,no,Requester 34,(555) 123-7146,requester67@example.com
07/17/2034,Presentation,AOD,Dummy Title 206,CGE Lobby & Auditorium,8:00pm,11:00pm,28,This is a dummy description for Dummy Title 206.,Presenter 1,yes,no,no,Requester 5,(555) 123-1606,requester65@example.com
08/19/2034,Tabling,Wellness,Dummy Title 697,Zoom,17:30am,8:30pm,31,This is a dummy description for Dummy Title 697.,Presenter 17,yes,no,yes,Requester 23,(555) 123-5433,requester100@example.com
